-- phpMyAdmin SQL Dump
-- version 4.8.5
-- https://www.phpmyadmin.net/
--
-- Hôte : 127.0.0.1:3306
-- Généré le :  jeu. 30 jan. 2020 à 10:20
-- Version du serveur :  5.7.26
-- Version de PHP :  7.2.18

SET SQL_MODE = "NO_AUTO_VALUE_ON_ZERO";
SET AUTOCOMMIT = 0;
START TRANSACTION;
SET time_zone = "+00:00";


/*!40101 SET @OLD_CHARACTER_SET_CLIENT=@@CHARACTER_SET_CLIENT */;
/*!40101 SET @OLD_CHARACTER_SET_RESULTS=@@CHARACTER_SET_RESULTS */;
/*!40101 SET @OLD_COLLATION_CONNECTION=@@COLLATION_CONNECTION */;
/*!40101 SET NAMES utf8mb4 */;

--
-- Base de données :  `parsing`
--

-- --------------------------------------------------------

--
-- Structure de la table `persons`
--

DROP TABLE IF EXISTS `persons`;
CREATE TABLE IF NOT EXISTS `persons` (
  `id` bigint(20) UNSIGNED NOT NULL AUTO_INCREMENT,
  `name` text COLLATE utf8mb4_unicode_ci NOT NULL,
  `height` int(11) NOT NULL,
  `mass` int(11) NOT NULL,
  `gender` text COLLATE utf8mb4_unicode_ci NOT NULL,
  `specie_id` int(10) UNSIGNED DEFAULT NULL,
  `planet_id` int(10) UNSIGNED NOT NULL,
  `created_at` timestamp NULL DEFAULT NULL,
  `updated_at` timestamp NULL DEFAULT NULL,
  PRIMARY KEY (`id`),
  KEY `persons_specie_id_foreign` (`specie_id`),
  KEY `persons_planet_id_foreign` (`planet_id`)
) ENGINE=MyISAM AUTO_INCREMENT=88 DEFAULT CHARSET=utf8mb4 COLLATE=utf8mb4_unicode_ci;

--
-- Déchargement des données de la table `persons`
--

INSERT INTO `persons` (`id`, `name`, `height`, `mass`, `gender`, `specie_id`, `planet_id`, `created_at`, `updated_at`) VALUES
(1, 'Luke Skywalker', 172, 77, 'male', 36, 60, '2020-01-30 09:19:46', '2020-01-30 09:19:46'),
(2, 'C-3PO', 167, 75, 'n/a', 35, 60, '2020-01-30 09:19:46', '2020-01-30 09:19:46'),
(3, 'R2-D2', 96, 32, 'n/a', 35, 7, '2020-01-30 09:19:46', '2020-01-30 09:19:46'),
(4, 'Darth Vader', 202, 136, 'male', 36, 60, '2020-01-30 09:19:46', '2020-01-30 09:19:46'),
(5, 'Leia Organa', 150, 49, 'female', 36, 1, '2020-01-30 09:19:46', '2020-01-30 09:19:46'),
(6, 'Owen Lars', 178, 120, 'male', 36, 60, '2020-01-30 09:19:46', '2020-01-30 09:19:46'),
(7, 'Beru Whitesun lars', 165, 75, 'female', 36, 60, '2020-01-30 09:19:46', '2020-01-30 09:19:46'),
(8, 'R5-D4', 97, 32, 'n/a', 35, 60, '2020-01-30 09:19:46', '2020-01-30 09:19:46'),
(9, 'Biggs Darklighter', 183, 84, 'male', 36, 60, '2020-01-30 09:19:46', '2020-01-30 09:19:46'),
(10, 'Obi-Wan Kenobi', 182, 77, 'male', 36, 19, '2020-01-30 09:19:46', '2020-01-30 09:19:46'),
(11, 'Anakin Skywalker', 188, 84, 'male', 36, 60, '2020-01-30 09:19:46', '2020-01-30 09:19:46'),
(12, 'Wilhuff Tarkin', 180, 0, 'male', 36, 20, '2020-01-30 09:19:46', '2020-01-30 09:19:46'),
(13, 'Chewbacca', 228, 112, 'male', 34, 13, '2020-01-30 09:19:46', '2020-01-30 09:19:46'),
(14, 'Han Solo', 180, 80, 'male', 36, 21, '2020-01-30 09:19:46', '2020-01-30 09:19:46'),
(15, 'Greedo', 173, 74, 'male', 37, 22, '2020-01-30 09:19:46', '2020-01-30 09:19:46'),
(16, 'Jabba Desilijic Tiure', 175, 1, 'hermaphrodite', 1, 23, '2020-01-30 09:19:46', '2020-01-30 09:19:46'),
(17, 'Wedge Antilles', 170, 77, 'male', 36, 21, '2020-01-30 09:19:46', '2020-01-30 09:19:46'),
(18, 'Jek Tono Porkins', 180, 110, 'male', 36, 25, '2020-01-30 09:19:46', '2020-01-30 09:19:46'),
(19, 'Yoda', 66, 17, 'male', 2, 27, '2020-01-30 09:19:46', '2020-01-30 09:19:46'),
(20, 'Palpatine', 170, 75, 'male', 36, 7, '2020-01-30 09:19:46', '2020-01-30 09:19:46'),
(21, 'Boba Fett', 183, 78, 'male', 36, 9, '2020-01-30 09:19:46', '2020-01-30 09:19:46'),
(22, 'IG-88', 200, 140, 'none', 35, 27, '2020-01-30 09:19:46', '2020-01-30 09:19:46'),
(23, 'Bossk', 190, 113, 'male', 3, 28, '2020-01-30 09:19:47', '2020-01-30 09:19:47'),
(24, 'Lando Calrissian', 177, 79, 'male', 36, 29, '2020-01-30 09:19:47', '2020-01-30 09:19:47'),
(25, 'Lobot', 175, 79, 'male', 36, 5, '2020-01-30 09:19:47', '2020-01-30 09:19:47'),
(26, 'Ackbar', 180, 83, 'male', 4, 30, '2020-01-30 09:19:47', '2020-01-30 09:19:47'),
(27, 'Mon Mothma', 150, 0, 'female', 36, 31, '2020-01-30 09:19:47', '2020-01-30 09:19:47'),
(28, 'Arvel Crynyd', 0, 0, 'male', 36, 27, '2020-01-30 09:19:47', '2020-01-30 09:19:47'),
(29, 'Wicket Systri Warrick', 88, 20, 'male', 5, 6, '2020-01-30 09:19:47', '2020-01-30 09:19:47'),
(30, 'Nien Nunb', 160, 68, 'male', 6, 32, '2020-01-30 09:19:47', '2020-01-30 09:19:47'),
(31, 'Qui-Gon Jinn', 193, 89, 'male', 36, 27, '2020-01-30 09:19:47', '2020-01-30 09:19:47'),
(32, 'Nute Gunray', 191, 90, 'male', 7, 17, '2020-01-30 09:19:47', '2020-01-30 09:19:47'),
(33, 'Finis Valorum', 170, 0, 'male', 36, 8, '2020-01-30 09:19:47', '2020-01-30 09:19:47'),
(34, 'Jar Jar Binks', 196, 66, 'male', 8, 7, '2020-01-30 09:19:47', '2020-01-30 09:19:47'),
(35, 'Roos Tarpals', 224, 82, 'male', 8, 7, '2020-01-30 09:19:47', '2020-01-30 09:19:47'),
(36, 'Rugor Nass', 206, 0, 'male', 8, 7, '2020-01-30 09:19:47', '2020-01-30 09:19:47'),
(37, 'Ric Olié', 183, 0, 'male', NULL, 7, '2020-01-30 09:19:47', '2020-01-30 09:19:47'),
(38, 'Watto', 137, 0, 'male', 9, 33, '2020-01-30 09:19:47', '2020-01-30 09:19:47'),
(39, 'Sebulba', 112, 40, 'male', 10, 34, '2020-01-30 09:19:47', '2020-01-30 09:19:47'),
(40, 'Quarsh Panaka', 183, 0, 'male', NULL, 7, '2020-01-30 09:19:47', '2020-01-30 09:19:47'),
(41, 'Shmi Skywalker', 163, 0, 'female', 36, 60, '2020-01-30 09:19:47', '2020-01-30 09:19:47'),
(42, 'Darth Maul', 175, 80, 'male', 18, 35, '2020-01-30 09:19:47', '2020-01-30 09:19:47'),
(43, 'Bib Fortuna', 180, 0, 'male', 11, 36, '2020-01-30 09:19:47', '2020-01-30 09:19:47'),
(44, 'Ayla Secura', 178, 55, 'female', 11, 36, '2020-01-30 09:19:47', '2020-01-30 09:19:47'),
(45, 'Dud Bolt', 94, 45, 'male', 13, 38, '2020-01-30 09:19:47', '2020-01-30 09:19:47'),
(46, 'Gasgano', 122, 0, 'male', 14, 39, '2020-01-30 09:19:47', '2020-01-30 09:19:47'),
(47, 'Ben Quadinaros', 163, 65, 'male', 15, 40, '2020-01-30 09:19:47', '2020-01-30 09:19:47'),
(48, 'Mace Windu', 188, 84, 'male', 36, 41, '2020-01-30 09:19:47', '2020-01-30 09:19:47'),
(49, 'Ki-Adi-Mundi', 198, 82, 'male', 16, 42, '2020-01-30 09:19:47', '2020-01-30 09:19:47'),
(50, 'Kit Fisto', 196, 87, 'male', 17, 43, '2020-01-30 09:19:47', '2020-01-30 09:19:47'),
(51, 'Eeth Koth', 171, 0, 'male', 18, 44, '2020-01-30 09:19:47', '2020-01-30 09:19:47'),
(52, 'Adi Gallia', 184, 50, 'female', 19, 8, '2020-01-30 09:19:47', '2020-01-30 09:19:47'),
(53, 'Saesee Tiin', 188, 0, 'male', 20, 46, '2020-01-30 09:19:47', '2020-01-30 09:19:47'),
(54, 'Yarael Poof', 264, 0, 'male', 21, 47, '2020-01-30 09:19:47', '2020-01-30 09:19:47'),
(55, 'Plo Koon', 188, 80, 'male', 22, 48, '2020-01-30 09:19:47', '2020-01-30 09:19:47'),
(56, 'Mas Amedda', 196, 0, 'male', 23, 49, '2020-01-30 09:19:47', '2020-01-30 09:19:47'),
(57, 'Gregar Typho', 185, 85, 'male', 36, 7, '2020-01-30 09:19:47', '2020-01-30 09:19:47'),
(58, 'Cordé', 157, 0, 'female', 36, 7, '2020-01-30 09:19:47', '2020-01-30 09:19:47'),
(59, 'Cliegg Lars', 183, 0, 'male', 36, 60, '2020-01-30 09:19:47', '2020-01-30 09:19:47'),
(60, 'Poggle the Lesser', 183, 80, 'male', 24, 10, '2020-01-30 09:19:47', '2020-01-30 09:19:47'),
(61, 'Luminara Unduli', 170, 56, 'female', 25, 50, '2020-01-30 09:19:47', '2020-01-30 09:19:47'),
(62, 'Barriss Offee', 166, 50, 'female', 25, 50, '2020-01-30 09:19:47', '2020-01-30 09:19:47'),
(63, 'Dormé', 165, 0, 'female', 36, 7, '2020-01-30 09:19:47', '2020-01-30 09:19:47'),
(64, 'Dooku', 193, 80, 'male', 36, 51, '2020-01-30 09:19:47', '2020-01-30 09:19:47'),
(65, 'Bail Prestor Organa', 191, 0, 'male', 36, 1, '2020-01-30 09:19:47', '2020-01-30 09:19:47'),
(66, 'Jango Fett', 183, 79, 'male', 36, 52, '2020-01-30 09:19:47', '2020-01-30 09:19:47'),
(67, 'Zam Wesell', 168, 55, 'female', 26, 53, '2020-01-30 09:19:47', '2020-01-30 09:19:47'),
(68, 'Dexter Jettster', 198, 102, 'male', 27, 54, '2020-01-30 09:19:47', '2020-01-30 09:19:47'),
(69, 'Lama Su', 229, 88, 'male', 28, 9, '2020-01-30 09:19:47', '2020-01-30 09:19:47'),
(70, 'Taun We', 213, 0, 'female', 28, 9, '2020-01-30 09:19:47', '2020-01-30 09:19:47'),
(71, 'Jocasta Nu', 167, 0, 'female', 36, 8, '2020-01-30 09:19:47', '2020-01-30 09:19:47'),
(72, 'Ratts Tyerell', 79, 15, 'male', 12, 37, '2020-01-30 09:19:47', '2020-01-30 09:19:47'),
(73, 'R4-P17', 96, 0, 'female', NULL, 27, '2020-01-30 09:19:47', '2020-01-30 09:19:47'),
(74, 'Wat Tambor', 193, 48, 'male', 29, 55, '2020-01-30 09:19:47', '2020-01-30 09:19:47'),
(75, 'San Hill', 191, 0, 'male', 30, 56, '2020-01-30 09:19:47', '2020-01-30 09:19:47'),
(76, 'Shaak Ti', 178, 57, 'female', 31, 57, '2020-01-30 09:19:47', '2020-01-30 09:19:47'),
(77, 'Grievous', 216, 159, 'male', 32, 58, '2020-01-30 09:19:47', '2020-01-30 09:19:47'),
(78, 'Tarfful', 234, 136, 'male', 34, 13, '2020-01-30 09:19:47', '2020-01-30 09:19:47'),
(79, 'Raymus Antilles', 188, 79, 'male', 36, 1, '2020-01-30 09:19:47', '2020-01-30 09:19:47'),
(80, 'Sly Moore', 178, 48, 'female', NULL, 59, '2020-01-30 09:19:47', '2020-01-30 09:19:47'),
(81, 'Tion Medon', 206, 80, 'male', 33, 11, '2020-01-30 09:19:47', '2020-01-30 09:19:47'),
(82, 'Finn', 0, 0, 'male', 36, 27, '2020-01-30 09:19:47', '2020-01-30 09:19:47'),
(83, 'Rey', 0, 0, 'female', 36, 27, '2020-01-30 09:19:47', '2020-01-30 09:19:47'),
(84, 'Poe Dameron', 0, 0, 'male', 36, 27, '2020-01-30 09:19:47', '2020-01-30 09:19:47'),
(85, 'BB8', 0, 0, 'none', 35, 27, '2020-01-30 09:19:47', '2020-01-30 09:19:47'),
(86, 'Captain Phasma', 0, 0, 'female', NULL, 27, '2020-01-30 09:19:47', '2020-01-30 09:19:47'),
(87, 'Padmé Amidala', 165, 45, 'female', 36, 7, '2020-01-30 09:19:47', '2020-01-30 09:19:47');

-- --------------------------------------------------------

--
-- Structure de la table `person_starship`
--

DROP TABLE IF EXISTS `person_starship`;
CREATE TABLE IF NOT EXISTS `person_starship` (
  `id` bigint(20) UNSIGNED NOT NULL AUTO_INCREMENT,
  `starship_id` int(10) UNSIGNED NOT NULL,
  `person_id` int(10) UNSIGNED NOT NULL,
  `created_at` timestamp NULL DEFAULT NULL,
  `updated_at` timestamp NULL DEFAULT NULL,
  PRIMARY KEY (`id`),
  KEY `person_starship_starship_id_foreign` (`starship_id`),
  KEY `person_starship_person_id_foreign` (`person_id`)
) ENGINE=MyISAM AUTO_INCREMENT=32 DEFAULT CHARSET=utf8mb4 COLLATE=utf8mb4_unicode_ci;

--
-- Déchargement des données de la table `person_starship`
--

INSERT INTO `person_starship` (`id`, `starship_id`, `person_id`, `created_at`, `updated_at`) VALUES
(1, 6, 1, NULL, NULL),
(2, 9, 1, NULL, NULL),
(3, 7, 4, NULL, NULL),
(4, 6, 9, NULL, NULL),
(5, 20, 10, NULL, NULL),
(6, 23, 10, NULL, NULL),
(7, 31, 10, NULL, NULL),
(8, 32, 10, NULL, NULL),
(9, 34, 10, NULL, NULL),
(10, 15, 11, NULL, NULL),
(11, 23, 11, NULL, NULL),
(12, 32, 11, NULL, NULL),
(13, 4, 13, NULL, NULL),
(14, 9, 13, NULL, NULL),
(15, 4, 14, NULL, NULL),
(16, 9, 14, NULL, NULL),
(17, 6, 17, NULL, NULL),
(18, 6, 18, NULL, NULL),
(19, 8, 21, NULL, NULL),
(20, 4, 24, NULL, NULL),
(21, 12, 28, NULL, NULL),
(22, 4, 30, NULL, NULL),
(23, 16, 37, NULL, NULL),
(24, 17, 42, NULL, NULL),
(25, 20, 55, NULL, NULL),
(26, 15, 57, NULL, NULL),
(27, 34, 77, NULL, NULL),
(28, 25, 84, NULL, NULL),
(29, 15, 87, NULL, NULL),
(30, 21, 87, NULL, NULL),
(31, 31, 87, NULL, NULL);

-- --------------------------------------------------------

--
-- Structure de la table `person_vehicle`
--

DROP TABLE IF EXISTS `person_vehicle`;
CREATE TABLE IF NOT EXISTS `person_vehicle` (
  `id` bigint(20) UNSIGNED NOT NULL AUTO_INCREMENT,
  `vehicle_id` int(10) UNSIGNED NOT NULL,
  `person_id` int(10) UNSIGNED NOT NULL,
  `created_at` timestamp NULL DEFAULT NULL,
  `updated_at` timestamp NULL DEFAULT NULL,
  PRIMARY KEY (`id`),
  KEY `person_vehicle_vehicle_id_foreign` (`vehicle_id`),
  KEY `person_vehicle_person_id_foreign` (`person_id`)
) ENGINE=MyISAM AUTO_INCREMENT=14 DEFAULT CHARSET=utf8mb4 COLLATE=utf8mb4_unicode_ci;

--
-- Déchargement des données de la table `person_vehicle`
--

INSERT INTO `person_vehicle` (`id`, `vehicle_id`, `person_id`, `created_at`, `updated_at`) VALUES
(1, 5, 1, NULL, NULL),
(2, 13, 1, NULL, NULL),
(3, 13, 5, NULL, NULL),
(4, 19, 10, NULL, NULL),
(5, 21, 11, NULL, NULL),
(6, 23, 11, NULL, NULL),
(7, 8, 13, NULL, NULL),
(8, 5, 17, NULL, NULL),
(9, 19, 31, NULL, NULL),
(10, 20, 42, NULL, NULL),
(11, 37, 64, NULL, NULL),
(12, 22, 67, NULL, NULL),
(13, 26, 77, NULL, NULL);

-- --------------------------------------------------------

--
-- Structure de la table `planets`
--

DROP TABLE IF EXISTS `planets`;
CREATE TABLE IF NOT EXISTS `planets` (
  `id` bigint(20) UNSIGNED NOT NULL AUTO_INCREMENT,
  `name` varchar(191) COLLATE utf8mb4_unicode_ci NOT NULL,
  `diameter` int(11) NOT NULL,
  `population` varchar(191) COLLATE utf8mb4_unicode_ci NOT NULL,
  `climate` varchar(191) COLLATE utf8mb4_unicode_ci DEFAULT NULL,
  `created_at` timestamp NULL DEFAULT NULL,
  `updated_at` timestamp NULL DEFAULT NULL,
  PRIMARY KEY (`id`)
) ENGINE=MyISAM AUTO_INCREMENT=62 DEFAULT CHARSET=utf8mb4 COLLATE=utf8mb4_unicode_ci;

--
-- Déchargement des données de la table `planets`
--

INSERT INTO `planets` (`id`, `name`, `diameter`, `population`, `climate`, `created_at`, `updated_at`) VALUES
(1, 'Alderaan', 12500, '2000000000', '0', '2020-01-30 09:19:46', '2020-01-30 09:19:46'),
(2, 'Yavin IV', 10200, '1000', '0', '2020-01-30 09:19:46', '2020-01-30 09:19:46'),
(3, 'Hoth', 7200, 'unknown', '0', '2020-01-30 09:19:46', '2020-01-30 09:19:46'),
(4, 'Dagobah', 8900, 'unknown', '0', '2020-01-30 09:19:46', '2020-01-30 09:19:46'),
(5, 'Bespin', 118000, '6000000', '0', '2020-01-30 09:19:46', '2020-01-30 09:19:46'),
(6, 'Endor', 4900, '30000000', '0', '2020-01-30 09:19:46', '2020-01-30 09:19:46'),
(7, 'Naboo', 12120, '4500000000', '0', '2020-01-30 09:19:46', '2020-01-30 09:19:46'),
(8, 'Coruscant', 12240, '1000000000000', '0', '2020-01-30 09:19:46', '2020-01-30 09:19:46'),
(9, 'Kamino', 19720, '1000000000', '0', '2020-01-30 09:19:46', '2020-01-30 09:19:46'),
(10, 'Geonosis', 11370, '100000000000', '0', '2020-01-30 09:19:46', '2020-01-30 09:19:46'),
(11, 'Utapau', 12900, '95000000', '0', '2020-01-30 09:19:46', '2020-01-30 09:19:46'),
(12, 'Mustafar', 4200, '20000', '0', '2020-01-30 09:19:46', '2020-01-30 09:19:46'),
(13, 'Kashyyyk', 12765, '45000000', '0', '2020-01-30 09:19:46', '2020-01-30 09:19:46'),
(14, 'Polis Massa', 0, '1000000', '0', '2020-01-30 09:19:46', '2020-01-30 09:19:46'),
(15, 'Mygeeto', 10088, '19000000', '0', '2020-01-30 09:19:46', '2020-01-30 09:19:46'),
(16, 'Felucia', 9100, '8500000', '0', '2020-01-30 09:19:46', '2020-01-30 09:19:46'),
(17, 'Cato Neimoidia', 0, '10000000', '0', '2020-01-30 09:19:46', '2020-01-30 09:19:46'),
(18, 'Saleucami', 14920, '1400000000', '0', '2020-01-30 09:19:46', '2020-01-30 09:19:46'),
(19, 'Stewjon', 0, 'unknown', '0', '2020-01-30 09:19:46', '2020-01-30 09:19:46'),
(20, 'Eriadu', 13490, '22000000000', '0', '2020-01-30 09:19:46', '2020-01-30 09:19:46'),
(21, 'Corellia', 11000, '3000000000', '0', '2020-01-30 09:19:46', '2020-01-30 09:19:46'),
(22, 'Rodia', 7549, '1300000000', '0', '2020-01-30 09:19:46', '2020-01-30 09:19:46'),
(23, 'Nal Hutta', 12150, '7000000000', '0', '2020-01-30 09:19:46', '2020-01-30 09:19:46'),
(24, 'Dantooine', 9830, '1000', '0', '2020-01-30 09:19:46', '2020-01-30 09:19:46'),
(25, 'Bestine IV', 6400, '62000000', '0', '2020-01-30 09:19:46', '2020-01-30 09:19:46'),
(26, 'Ord Mantell', 14050, '4000000000', '0', '2020-01-30 09:19:46', '2020-01-30 09:19:46'),
(27, 'unknown', 0, 'unknown', '0', '2020-01-30 09:19:46', '2020-01-30 09:19:46'),
(28, 'Trandosha', 0, '42000000', '0', '2020-01-30 09:19:46', '2020-01-30 09:19:46'),
(29, 'Socorro', 0, '300000000', '0', '2020-01-30 09:19:46', '2020-01-30 09:19:46'),
(30, 'Mon Cala', 11030, '27000000000', '0', '2020-01-30 09:19:46', '2020-01-30 09:19:46'),
(31, 'Chandrila', 13500, '1200000000', '0', '2020-01-30 09:19:46', '2020-01-30 09:19:46'),
(32, 'Sullust', 12780, '18500000000', '0', '2020-01-30 09:19:46', '2020-01-30 09:19:46'),
(33, 'Toydaria', 7900, '11000000', '0', '2020-01-30 09:19:46', '2020-01-30 09:19:46'),
(34, 'Malastare', 18880, '2000000000', '0', '2020-01-30 09:19:46', '2020-01-30 09:19:46'),
(35, 'Dathomir', 10480, '5200', '0', '2020-01-30 09:19:46', '2020-01-30 09:19:46'),
(36, 'Ryloth', 10600, '1500000000', '0', '2020-01-30 09:19:46', '2020-01-30 09:19:46'),
(37, 'Aleen Minor', 0, 'unknown', '0', '2020-01-30 09:19:46', '2020-01-30 09:19:46'),
(38, 'Vulpter', 14900, '421000000', '0', '2020-01-30 09:19:46', '2020-01-30 09:19:46'),
(39, 'Troiken', 0, 'unknown', '0', '2020-01-30 09:19:46', '2020-01-30 09:19:46'),
(40, 'Tund', 12190, '0', '0', '2020-01-30 09:19:46', '2020-01-30 09:19:46'),
(41, 'Haruun Kal', 10120, '705300', '0', '2020-01-30 09:19:46', '2020-01-30 09:19:46'),
(42, 'Cerea', 0, '450000000', '0', '2020-01-30 09:19:46', '2020-01-30 09:19:46'),
(43, 'Glee Anselm', 15600, '500000000', '0', '2020-01-30 09:19:46', '2020-01-30 09:19:46'),
(44, 'Iridonia', 0, 'unknown', '0', '2020-01-30 09:19:46', '2020-01-30 09:19:46'),
(45, 'Tholoth', 0, 'unknown', '0', '2020-01-30 09:19:46', '2020-01-30 09:19:46'),
(46, 'Iktotch', 0, 'unknown', '0', '2020-01-30 09:19:46', '2020-01-30 09:19:46'),
(47, 'Quermia', 0, 'unknown', '0', '2020-01-30 09:19:46', '2020-01-30 09:19:46'),
(48, 'Dorin', 13400, 'unknown', '0', '2020-01-30 09:19:46', '2020-01-30 09:19:46'),
(49, 'Champala', 0, '3500000000', '0', '2020-01-30 09:19:46', '2020-01-30 09:19:46'),
(50, 'Mirial', 0, 'unknown', '0', '2020-01-30 09:19:46', '2020-01-30 09:19:46'),
(51, 'Serenno', 0, 'unknown', '0', '2020-01-30 09:19:46', '2020-01-30 09:19:46'),
(52, 'Concord Dawn', 0, 'unknown', '0', '2020-01-30 09:19:46', '2020-01-30 09:19:46'),
(53, 'Zolan', 0, 'unknown', '0', '2020-01-30 09:19:46', '2020-01-30 09:19:46'),
(54, 'Ojom', 0, '500000000', '0', '2020-01-30 09:19:46', '2020-01-30 09:19:46'),
(55, 'Skako', 0, '500000000000', '0', '2020-01-30 09:19:46', '2020-01-30 09:19:46'),
(56, 'Muunilinst', 13800, '5000000000', '0', '2020-01-30 09:19:46', '2020-01-30 09:19:46'),
(57, 'Shili', 0, 'unknown', '0', '2020-01-30 09:19:46', '2020-01-30 09:19:46'),
(58, 'Kalee', 13850, '4000000000', '0', '2020-01-30 09:19:46', '2020-01-30 09:19:46'),
(59, 'Umbara', 0, 'unknown', '0', '2020-01-30 09:19:46', '2020-01-30 09:19:46'),
(60, 'Tatooine', 10465, '200000', '0', '2020-01-30 09:19:46', '2020-01-30 09:19:46'),
(61, 'Jakku', 0, 'unknown', '0', '2020-01-30 09:19:46', '2020-01-30 09:19:46');

-- --------------------------------------------------------

--
-- Structure de la table `species`
--

DROP TABLE IF EXISTS `species`;
CREATE TABLE IF NOT EXISTS `species` (
  `id` bigint(20) UNSIGNED NOT NULL AUTO_INCREMENT,
  `name` text COLLATE utf8mb4_unicode_ci NOT NULL,
  `classification` text COLLATE utf8mb4_unicode_ci NOT NULL,
  `created_at` timestamp NULL DEFAULT NULL,
  `updated_at` timestamp NULL DEFAULT NULL,
  PRIMARY KEY (`id`)
) ENGINE=MyISAM AUTO_INCREMENT=38 DEFAULT CHARSET=utf8mb4 COLLATE=utf8mb4_unicode_ci;

--
-- Déchargement des données de la table `species`
--

INSERT INTO `species` (`id`, `name`, `classification`, `created_at`, `updated_at`) VALUES
(1, 'Hutt', '0', '2020-01-30 09:19:46', '2020-01-30 09:19:46'),
(2, 'Yoda\'s species', '0', '2020-01-30 09:19:46', '2020-01-30 09:19:46'),
(3, 'Trandoshan', '0', '2020-01-30 09:19:46', '2020-01-30 09:19:46'),
(4, 'Mon Calamari', '0', '2020-01-30 09:19:46', '2020-01-30 09:19:46'),
(5, 'Ewok', '0', '2020-01-30 09:19:46', '2020-01-30 09:19:46'),
(6, 'Sullustan', '0', '2020-01-30 09:19:46', '2020-01-30 09:19:46'),
(7, 'Neimodian', '0', '2020-01-30 09:19:46', '2020-01-30 09:19:46'),
(8, 'Gungan', '0', '2020-01-30 09:19:46', '2020-01-30 09:19:46'),
(9, 'Toydarian', '0', '2020-01-30 09:19:46', '2020-01-30 09:19:46'),
(10, 'Dug', '0', '2020-01-30 09:19:46', '2020-01-30 09:19:46'),
(11, 'Twi\'lek', '0', '2020-01-30 09:19:46', '2020-01-30 09:19:46'),
(12, 'Aleena', '0', '2020-01-30 09:19:46', '2020-01-30 09:19:46'),
(13, 'Vulptereen', '0', '2020-01-30 09:19:46', '2020-01-30 09:19:46'),
(14, 'Xexto', '0', '2020-01-30 09:19:46', '2020-01-30 09:19:46'),
(15, 'Toong', '0', '2020-01-30 09:19:46', '2020-01-30 09:19:46'),
(16, 'Cerean', '0', '2020-01-30 09:19:46', '2020-01-30 09:19:46'),
(17, 'Nautolan', '0', '2020-01-30 09:19:46', '2020-01-30 09:19:46'),
(18, 'Zabrak', '0', '2020-01-30 09:19:46', '2020-01-30 09:19:46'),
(19, 'Tholothian', '0', '2020-01-30 09:19:46', '2020-01-30 09:19:46'),
(20, 'Iktotchi', '0', '2020-01-30 09:19:46', '2020-01-30 09:19:46'),
(21, 'Quermian', '0', '2020-01-30 09:19:46', '2020-01-30 09:19:46'),
(22, 'Kel Dor', '0', '2020-01-30 09:19:46', '2020-01-30 09:19:46'),
(23, 'Chagrian', '0', '2020-01-30 09:19:46', '2020-01-30 09:19:46'),
(24, 'Geonosian', '0', '2020-01-30 09:19:46', '2020-01-30 09:19:46'),
(25, 'Mirialan', '0', '2020-01-30 09:19:46', '2020-01-30 09:19:46'),
(26, 'Clawdite', '0', '2020-01-30 09:19:46', '2020-01-30 09:19:46'),
(27, 'Besalisk', '0', '2020-01-30 09:19:46', '2020-01-30 09:19:46'),
(28, 'Kaminoan', '0', '2020-01-30 09:19:46', '2020-01-30 09:19:46'),
(29, 'Skakoan', '0', '2020-01-30 09:19:46', '2020-01-30 09:19:46'),
(30, 'Muun', '0', '2020-01-30 09:19:46', '2020-01-30 09:19:46'),
(31, 'Togruta', '0', '2020-01-30 09:19:46', '2020-01-30 09:19:46'),
(32, 'Kaleesh', '0', '2020-01-30 09:19:46', '2020-01-30 09:19:46'),
(33, 'Pau\'an', '0', '2020-01-30 09:19:46', '2020-01-30 09:19:46'),
(34, 'Wookiee', '0', '2020-01-30 09:19:46', '2020-01-30 09:19:46'),
(35, 'Droid', '0', '2020-01-30 09:19:46', '2020-01-30 09:19:46'),
(36, 'Human', '0', '2020-01-30 09:19:46', '2020-01-30 09:19:46'),
(37, 'Rodian', '0', '2020-01-30 09:19:46', '2020-01-30 09:19:46');

-- --------------------------------------------------------

--
-- Structure de la table `starships`
--

DROP TABLE IF EXISTS `starships`;
CREATE TABLE IF NOT EXISTS `starships` (
  `id` bigint(20) UNSIGNED NOT NULL AUTO_INCREMENT,
  `name` text COLLATE utf8mb4_unicode_ci NOT NULL,
  `length` double(8,2) NOT NULL,
  `hyperdrive_rating` double(8,2) NOT NULL,
  `created_at` timestamp NULL DEFAULT NULL,
  `updated_at` timestamp NULL DEFAULT NULL,
  PRIMARY KEY (`id`)
) ENGINE=MyISAM AUTO_INCREMENT=38 DEFAULT CHARSET=utf8mb4 COLLATE=utf8mb4_unicode_ci;

--
-- Déchargement des données de la table `starships`
--

INSERT INTO `starships` (`id`, `name`, `length`, `hyperdrive_rating`, `created_at`, `updated_at`) VALUES
(1, 'Executor', 19000.00, 0.00, '2020-01-30 09:19:46', '2020-01-30 09:19:46'),
(2, 'Sentinel-class landing craft', 38.00, 0.00, '2020-01-30 09:19:46', '2020-01-30 09:19:46'),
(3, 'Death Star', 120000.00, 0.00, '2020-01-30 09:19:46', '2020-01-30 09:19:46'),
(4, 'Millennium Falcon', 34.00, 0.00, '2020-01-30 09:19:46', '2020-01-30 09:19:46'),
(5, 'Y-wing', 14.00, 0.00, '2020-01-30 09:19:46', '2020-01-30 09:19:46'),
(6, 'X-wing', 12.00, 0.00, '2020-01-30 09:19:46', '2020-01-30 09:19:46'),
(7, 'TIE Advanced x1', 9.00, 0.00, '2020-01-30 09:19:46', '2020-01-30 09:19:46'),
(8, 'Slave 1', 21.00, 0.00, '2020-01-30 09:19:46', '2020-01-30 09:19:46'),
(9, 'Imperial shuttle', 20.00, 0.00, '2020-01-30 09:19:46', '2020-01-30 09:19:46'),
(10, 'EF76 Nebulon-B escort frigate', 300.00, 0.00, '2020-01-30 09:19:46', '2020-01-30 09:19:46'),
(11, 'Calamari Cruiser', 1200.00, 0.00, '2020-01-30 09:19:46', '2020-01-30 09:19:46'),
(12, 'A-wing', 9.00, 0.00, '2020-01-30 09:19:46', '2020-01-30 09:19:46'),
(13, 'B-wing', 16.00, 0.00, '2020-01-30 09:19:46', '2020-01-30 09:19:46'),
(14, 'Republic Cruiser', 115.00, 0.00, '2020-01-30 09:19:46', '2020-01-30 09:19:46'),
(15, 'Naboo fighter', 11.00, 0.00, '2020-01-30 09:19:46', '2020-01-30 09:19:46'),
(16, 'Naboo Royal Starship', 76.00, 0.00, '2020-01-30 09:19:46', '2020-01-30 09:19:46'),
(17, 'Scimitar', 26.00, 0.00, '2020-01-30 09:19:46', '2020-01-30 09:19:46'),
(18, 'J-type diplomatic barge', 39.00, 0.00, '2020-01-30 09:19:46', '2020-01-30 09:19:46'),
(19, 'AA-9 Coruscant freighter', 390.00, 0.00, '2020-01-30 09:19:46', '2020-01-30 09:19:46'),
(20, 'Jedi starfighter', 8.00, 0.00, '2020-01-30 09:19:46', '2020-01-30 09:19:46'),
(21, 'H-type Nubian yacht', 47.00, 0.00, '2020-01-30 09:19:46', '2020-01-30 09:19:46'),
(22, 'Star Destroyer', 1.00, 0.00, '2020-01-30 09:19:46', '2020-01-30 09:19:46'),
(23, 'Trade Federation cruiser', 1088.00, 0.00, '2020-01-30 09:19:46', '2020-01-30 09:19:46'),
(24, 'Theta-class T-2c shuttle', 18.00, 0.00, '2020-01-30 09:19:46', '2020-01-30 09:19:46'),
(25, 'T-70 X-wing fighter', 0.00, 0.00, '2020-01-30 09:19:46', '2020-01-30 09:19:46'),
(26, 'Rebel transport', 90.00, 0.00, '2020-01-30 09:19:46', '2020-01-30 09:19:46'),
(27, 'Droid control ship', 3170.00, 0.00, '2020-01-30 09:19:46', '2020-01-30 09:19:46'),
(28, 'Republic Assault ship', 752.00, 0.00, '2020-01-30 09:19:46', '2020-01-30 09:19:46'),
(29, 'Solar Sailer', 15.00, 0.00, '2020-01-30 09:19:46', '2020-01-30 09:19:46'),
(30, 'Republic attack cruiser', 1137.00, 0.00, '2020-01-30 09:19:46', '2020-01-30 09:19:46'),
(31, 'Naboo star skiff', 29.00, 0.00, '2020-01-30 09:19:46', '2020-01-30 09:19:46'),
(32, 'Jedi Interceptor', 5.00, 0.00, '2020-01-30 09:19:46', '2020-01-30 09:19:46'),
(33, 'arc-170', 14.00, 0.00, '2020-01-30 09:19:46', '2020-01-30 09:19:46'),
(34, 'Belbullab-22 starfighter', 6.00, 0.00, '2020-01-30 09:19:46', '2020-01-30 09:19:46'),
(35, 'V-wing', 7.00, 0.00, '2020-01-30 09:19:46', '2020-01-30 09:19:46'),
(36, 'CR90 corvette', 150.00, 0.00, '2020-01-30 09:19:46', '2020-01-30 09:19:46'),
(37, 'Banking clan frigate', 825.00, 0.00, '2020-01-30 09:19:46', '2020-01-30 09:19:46');

-- --------------------------------------------------------

--
-- Structure de la table `vehicles`
--

DROP TABLE IF EXISTS `vehicles`;
CREATE TABLE IF NOT EXISTS `vehicles` (
  `id` bigint(20) UNSIGNED NOT NULL AUTO_INCREMENT,
  `name` text COLLATE utf8mb4_unicode_ci NOT NULL,
  `length` double(8,2) NOT NULL,
  `created_at` timestamp NULL DEFAULT NULL,
  `updated_at` timestamp NULL DEFAULT NULL,
  PRIMARY KEY (`id`)
) ENGINE=MyISAM AUTO_INCREMENT=40 DEFAULT CHARSET=utf8mb4 COLLATE=utf8mb4_unicode_ci;

--
-- Déchargement des données de la table `vehicles`
--

INSERT INTO `vehicles` (`id`, `name`, `length`, `created_at`, `updated_at`) VALUES
(1, 'Sand Crawler', 0.00, '2020-01-30 09:19:46', '2020-01-30 09:19:46'),
(2, 'T-16 skyhopper', 0.00, '2020-01-30 09:19:46', '2020-01-30 09:19:46'),
(3, 'X-34 landspeeder', 0.00, '2020-01-30 09:19:46', '2020-01-30 09:19:46'),
(4, 'TIE/LN starfighter', 0.00, '2020-01-30 09:19:46', '2020-01-30 09:19:46'),
(5, 'Snowspeeder', 0.00, '2020-01-30 09:19:46', '2020-01-30 09:19:46'),
(6, 'TIE bomber', 0.00, '2020-01-30 09:19:46', '2020-01-30 09:19:46'),
(7, 'AT-AT', 0.00, '2020-01-30 09:19:46', '2020-01-30 09:19:46'),
(8, 'AT-ST', 0.00, '2020-01-30 09:19:46', '2020-01-30 09:19:46'),
(9, 'Storm IV Twin-Pod cloud car', 0.00, '2020-01-30 09:19:46', '2020-01-30 09:19:46'),
(10, 'Sail barge', 0.00, '2020-01-30 09:19:46', '2020-01-30 09:19:46'),
(11, 'Bantha-II cargo skiff', 0.00, '2020-01-30 09:19:46', '2020-01-30 09:19:46'),
(12, 'TIE/IN interceptor', 0.00, '2020-01-30 09:19:46', '2020-01-30 09:19:46'),
(13, 'Imperial Speeder Bike', 0.00, '2020-01-30 09:19:46', '2020-01-30 09:19:46'),
(14, 'Vulture Droid', 0.00, '2020-01-30 09:19:46', '2020-01-30 09:19:46'),
(15, 'Multi-Troop Transport', 0.00, '2020-01-30 09:19:46', '2020-01-30 09:19:46'),
(16, 'Armored Assault Tank', 0.00, '2020-01-30 09:19:46', '2020-01-30 09:19:46'),
(17, 'Single Trooper Aerial Platform', 0.00, '2020-01-30 09:19:46', '2020-01-30 09:19:46'),
(18, 'C-9979 landing craft', 0.00, '2020-01-30 09:19:46', '2020-01-30 09:19:46'),
(19, 'Tribubble bongo', 0.00, '2020-01-30 09:19:46', '2020-01-30 09:19:46'),
(20, 'Sith speeder', 0.00, '2020-01-30 09:19:46', '2020-01-30 09:19:46'),
(21, 'Zephyr-G swoop bike', 0.00, '2020-01-30 09:19:46', '2020-01-30 09:19:46'),
(22, 'Koro-2 Exodrive airspeeder', 0.00, '2020-01-30 09:19:46', '2020-01-30 09:19:46'),
(23, 'XJ-6 airspeeder', 0.00, '2020-01-30 09:19:46', '2020-01-30 09:19:46'),
(24, 'LAAT/i', 0.00, '2020-01-30 09:19:46', '2020-01-30 09:19:46'),
(25, 'LAAT/c', 0.00, '2020-01-30 09:19:46', '2020-01-30 09:19:46'),
(26, 'Tsmeu-6 personal wheel bike', 0.00, '2020-01-30 09:19:46', '2020-01-30 09:19:46'),
(27, 'Emergency Firespeeder', 1.00, '2020-01-30 09:19:46', '2020-01-30 09:19:46'),
(28, 'Droid tri-fighter', 0.00, '2020-01-30 09:19:46', '2020-01-30 09:19:46'),
(29, 'Oevvaor jet catamaran', 0.00, '2020-01-30 09:19:46', '2020-01-30 09:19:46'),
(30, 'Raddaugh Gnasp fluttercraft', 0.00, '2020-01-30 09:19:46', '2020-01-30 09:19:46'),
(31, 'Clone turbo tank', 0.00, '2020-01-30 09:19:46', '2020-01-30 09:19:46'),
(32, 'Corporate Alliance tank droid', 0.00, '2020-01-30 09:19:46', '2020-01-30 09:19:46'),
(33, 'Droid gunship', 0.00, '2020-01-30 09:19:46', '2020-01-30 09:19:46'),
(34, 'AT-RT', 0.00, '2020-01-30 09:19:46', '2020-01-30 09:19:46'),
(35, 'AT-TE', 0.00, '2020-01-30 09:19:46', '2020-01-30 09:19:46'),
(36, 'SPHA', 0.00, '2020-01-30 09:19:46', '2020-01-30 09:19:46'),
(37, 'Flitknot speeder', 0.00, '2020-01-30 09:19:46', '2020-01-30 09:19:46'),
(38, 'Neimoidian shuttle', 0.00, '2020-01-30 09:19:46', '2020-01-30 09:19:46'),
(39, 'Geonosian starfighter', 0.00, '2020-01-30 09:19:46', '2020-01-30 09:19:46');
COMMIT;

/*!40101 SET CHARACTER_SET_CLIENT=@OLD_CHARACTER_SET_CLIENT */;
/*!40101 SET CHARACTER_SET_RESULTS=@OLD_CHARACTER_SET_RESULTS */;
/*!40101 SET COLLATION_CONNECTION=@OLD_COLLATION_CONNECTION */;
